{"cameraMode":{"drawMode":0,"name":"Shaded","section":"Shading Mode"},"sceneLighting":false,"audioPlay":false,"sceneViewState":{"showFog":true,"showMaterialUpdate":false,"showSkybox":false,"showFlares":true,"showImageEffects":true,"showParticleSystems":true},"in2DMode":false,"pivot":{"x":6.153939247131348,"y":-4.386903762817383,"z":-8.995189666748047},"rotation":{"x":0.06178554520010948,"y":0.9256038069725037,"z":-0.17273840308189393,"w":0.3310698866844177},"size":17.093461990356447,"orthographic":false}