{"cameraMode":{"drawMode":0,"name":"Shaded","section":"Shading Mode"},"sceneLighting":false,"audioPlay":false,"sceneViewState":{"showFog":true,"showMaterialUpdate":false,"showSkybox":false,"showFlares":true,"showImageEffects":true,"showParticleSystems":true},"in2DMode":false,"pivot":{"x":2.465391159057617,"y":-1.9356271028518677,"z":-4.488128662109375},"rotation":{"x":0.036127857863903049,"y":0.9638627767562866,"z":-0.18887068331241609,"w":0.18437059223651887},"size":8.198173522949219,"orthographic":false}