{"cameraMode":{"drawMode":0,"name":"Shaded","section":"Shading Mode"},"sceneLighting":true,"audioPlay":false,"sceneViewState":{"showFog":true,"showMaterialUpdate":false,"showSkybox":true,"showFlares":true,"showImageEffects":true,"showParticleSystems":true},"in2DMode":false,"pivot":{"x":-0.7545690536499023,"y":-0.7230839729309082,"z":14.940110206604004},"rotation":{"x":-0.1863349974155426,"y":0.21843253076076508,"z":-0.04253309592604637,"w":-0.9569604396820068},"size":18.32931137084961,"orthographic":false}