{"cameraMode":{"drawMode":0,"name":"Shaded","section":"Shading Mode"},"sceneLighting":false,"audioPlay":false,"sceneViewState":{"showFog":true,"showMaterialUpdate":false,"showSkybox":false,"showFlares":true,"showImageEffects":true,"showParticleSystems":true},"in2DMode":false,"pivot":{"x":92.88204956054688,"y":132.52215576171876,"z":-149.7146453857422},"rotation":{"x":0.40744632482528689,"y":0.16828691959381104,"z":-0.07667145878076554,"w":0.8943098187446594},"size":150.3960418701172,"orthographic":false}