{"cameraMode":{"drawMode":0,"name":"Shaded","section":"Shading Mode"},"sceneLighting":false,"audioPlay":false,"sceneViewState":{"showFog":true,"showMaterialUpdate":false,"showSkybox":false,"showFlares":true,"showImageEffects":true,"showParticleSystems":true},"in2DMode":false,"pivot":{"x":-1.0932997465133668,"y":1.679999828338623,"z":2.4973995685577394},"rotation":{"x":-0.1959691047668457,"y":0.7454128265380859,"z":-0.24909186363220216,"w":-0.5864440202713013},"size":3.12304949760437,"orthographic":false}