{"cameraMode":{"drawMode":0,"name":"Shaded","section":"Shading Mode"},"sceneLighting":false,"audioPlay":false,"sceneViewState":{"showFog":true,"showMaterialUpdate":false,"showSkybox":false,"showFlares":true,"showImageEffects":true,"showParticleSystems":true},"in2DMode":false,"pivot":{"x":0.6548271179199219,"y":-0.5790209770202637,"z":1.9868531227111817},"rotation":{"x":-0.2356332242488861,"y":0.3198207914829254,"z":-0.08245100826025009,"w":-0.9140020608901978},"size":12.735648155212403,"orthographic":false}