{"cameraMode":{"drawMode":0,"name":"Shaded","section":"Shading Mode"},"sceneLighting":false,"audioPlay":false,"sceneViewState":{"showFog":true,"showMaterialUpdate":false,"showSkybox":false,"showFlares":true,"showImageEffects":true,"showParticleSystems":true},"in2DMode":false,"pivot":{"x":-1.1486296653747559,"y":-3.267310857772827,"z":-5.968591690063477},"rotation":{"x":0.012021088972687722,"y":-0.956698477268219,"z":0.288097620010376,"w":0.03991078585386276},"size":17.486312866210939,"orthographic":false}